"","GOBPID","Pvalue","OddsRatio","ExpCount","Count","Size","Term"
"1","GO:0051179",0.0435168896752668,0.53393665158371,18.7616179001721,13,1118,"localization"
"2","GO:0010564",0.04857840229565,0,2.88640275387263,0,172,"regulation of cell cycle process"
