"","GOBPID","Pvalue","OddsRatio","ExpCount","Count","Size","Term"
"1","GO:0051046",0.0339486285197347,0.183877766069547,4.99913941480207,1,157,"regulation of secretion"
"2","GO:0010243",0.0354080958502576,0.345789019833285,7.89672977624785,3,248,"response to organonitrogen compound"
"3","GO:0002791",0.0463436687966639,0,2.96127366609294,0,93,"regulation of peptide secretion"
"4","GO:1903530",0.0492617828343853,0.201839256633777,4.58519793459553,1,144,"regulation of secretion by cell"
